Producto,Marca,Mercado,Precio,Categoria
Alimento Silk Almendra X 1 Litro,,elcondor,602,Otro
Leche Chocolatada Cindor X 200 Ml,,elcondor,251,Saborizadas
Leche Descremada La Serenísima Con Hierro X 1 Lt,,elcondor,344,Descremada
Leche Nido Nutri Advance Lata X 400 Gr,,elcondor,1617,Otro
Leche Sancor Bebé 1 Advanced Lata X 800 Gr,,elcondor,5174,Infantil
Leche Svelty Move + Descremada Extra Calcio Doy Pack X 800 Gr,,elcondor,942,Descremada
Leche Svelty Orgánica + Descremada Lata X 370 Gr,,elcondor,628,Descremada
Leche En Polvo Santa Elene Entera X 800 Gr,,elcondor,649,Polvo
Jugo De Manzana La Serenísima 100% Vegetal A Base De Arroz X 1 Litro,,elcondor,291,Vegetal
Jugo De Naranja La Serenísima 100% Vegetal A Base De Arroz X 1 Litro,,elcondor,291,Vegetal
Leche Chocolatada Lechelita Sachet X 900 Ml,,elcondor,269,Sachet
Leche Svelty Descremada 0% Grasas Fortificada Con Vitaminas A Y D X 370 Gr,,elcondor,585,Descremada
Leche Vegetal La Serenísima Granola X 1 Lt,,elcondor,522,Vegetal
Alimento Lácteo Sense Caramel X 1 Litro,,elcondor,428,Otro
Alimento Lácteo Sense Macchiato X 250 Ml,,elcondor,174,Otro
Alimento Silk Almendra Vainilla Sin Azúcar X 1 Litro,,elcondor,602,Otro
Bebida A Base De Maní La Serenísima Square X 1 Lt,,elcondor,479,Vegetal
Leche Chocolatada Danonino X 200 Ml,,elcondor,213,Saborizadas
Leche En Polvo Nidina Bebé 1 X 800 Gr,,elcondor,2312,Polvo
Leche En Polvo Nidina Bebé 2 X 800 Gr,,elcondor,2148,Polvo
Leche En Polvo Nido Fortigrow Deslactosada Lata X 370 Gr,,elcondor,799,Polvo
Leche En Polvo Svelty 0 % Lactosa Con Proteína A2 X 370 Gr,,elcondor,778,Polvo
Leche En Polvo Svelty Prodigest Con Fibras Y Proteínas A2 X 370 Gr,,elcondor,627,Polvo
Leche La Serenísima Almendra Sin Azúcar Square X 1 Litro,,elcondor,522,Otro
Leche Líquida Lechelita Entera Sachet X 1 Litro,,elcondor,196,Entera
Leche Sancor Bebé 3 X 200 Ml,,elcondor,222,Infantil
Leche en Polvo La Serenísima Zero Lactosa X 400 G,,elcondor,1094,Polvo
Bebida A Base De Arroz La Serenísima Square X 1 Lt,,elcondor,479,Vegetal
Bebida A Base De La Serenísima Almendra Square X 1 Lt,,elcondor,522,Vegetal
Alimento Silk Almendra Sin Azúcar X 1 Lt,,elcondor,422,Otro
Alimento Lácteo Sense Cappuccino X 250 Ml,,elcondor,174,Otro
Alimento Lácteo Sense Caramel X 250 Ml,,elcondor,174,Otro
Leche Chocolatada Cindor X 1 Lt,,elcondor,604,Saborizadas
Leche Chocolatada La Serenísima X 1 Lt,,elcondor,323,Saborizadas
Leche Chocolatada Ilolay Kids X 200 Ml,,elcondor,104,Saborizadas
Leche Chocolatada Tregar X 1 Lt,,elcondor,269,Saborizadas
Leche Chocolatada Tregar X 200 Ml,,elcondor,119,Saborizadas
Leche Condensada Descremada Nestlé Tb X 395 G,,elcondor,336,Descremada
Leche Condensada Nestlé T.B. X 395 G,,elcondor,336,Otro
Leche Descremada Larga Vida La Serenisima Liviana 1% PET X 1 Lt,,elcondor,233,Descremada
Leche en Polvo Cotapa Entera X 800 G,,elcondor,686,Polvo
Leche En Polvo Descremada La Serenisima X 200 G,,elcondor,439,Polvo
Leche En Polvo Entera La Lechera Doy Pack X 800 G,,elcondor,1260,Polvo
Leche En Polvo Entera La Serenisima X 200 G,,elcondor,396,Polvo
Leche En Polvo Ilolay Entera X 800 G,,elcondor,975,Polvo
Leche En Polvo La Serenísima Descremada X 400 G,,elcondor,808,Polvo
Leche En Polvo La Serenisima Entera X 400 G,,elcondor,746,Polvo
Leche En Polvo Nestlé Nan 1 Optipro X 900 G,,elcondor,3592,Polvo
Leche En Polvo Nestlé Nan Pro 3 X 800 G,,elcondor,3232,Polvo
Leche En Polvo Nestlé Svelty Move + Descremada Dp X 400 G,,elcondor,622,Polvo
Leche En Polvo Purísima Descremada X 800 G,,elcondor,1006,Polvo
Leche En Polvo San Regim Descremada X 500 G,,elcondor,1100,Polvo
Leche En Polvo Sancor Bebe 1 X 375 G,,elcondor,1580,Polvo
Leche En Polvo Sancor Bebe 3 X 800 G,,elcondor,2581,Polvo
Leche En Polvo Sancor Entera X 800 G,,elcondor,1570,Polvo
Leche Entera Larga Vida La Serenisima X 1 Lt,,elcondor,212,Entera
Leche Entera Larga Vida La Serenísima Clásica 3% PET X 1 Lt,,elcondor,233,Entera
Leche Entera Sancor Fortificada X 1 Lt,,elcondor,292,Entera
Leche Ilolay Chocolatada Kids X 1 Lt,,elcondor,216,Saborizadas
Leche Ilolay Larga Vida Entera X 1 Lt,,elcondor,160,Entera
Leche Larga Vida La Serenisima Descremada 1% X 1 Lt,,elcondor,226,Descremada
Leche Larga Vida Sancor Descremada X 1 Lt,,elcondor,254,Descremada
Leche Larga Vida Tregar Uat 0% Grasa X 1 Lt,,elcondor,178,Larga Vida
Leche Nestlé Nan 2 Optipro X 190 Ml,,elcondor,163,Otro
Leche Nestlé Nan 3 Optipro X 190 Ml,,elcondor,153,Otro
Leche Nidina Bebé 1 X 200 Ml,,elcondor,117,Infantil
Leche Nidina Bebé 2 X 200 Ml,,elcondor,115,Infantil
Leche Parcialmente Descremada La Serenísima sach X 1 Lt,,elcondor,210,Descremada
Leche Polvo Purísima Entera X 800 G,,elcondor,1006,Polvo
Leche Sancor Bebé 1 Inicio X 200 Ml,,elcondor,248,Infantil
Leche Sancor Bebé 1 Inicio X 500 Ml,,elcondor,542,Infantil
Leche Zero Lactosa La Serenisima X 1 Lt,,elcondor,358,Otro
Bebida Vitalite de Mani 1 Lt,,tualmacen,299,Otro
Leche A Base De Plantas Not Co Original 1 Lt,,tualmacen,486,Vegetal
Leche Cindor Brik 200 cc,,tualmacen,215,Otro
Leche Condensada Nestle Descremada Tetra 395 Gr,,tualmacen,513,Descremada
Leche Condensada Nestle Tetra 395 Gr,,tualmacen,513,Otro
Leche de Almendras Silk 1 Lt,,tualmacen,624,Vegetal
Leche de Almendras Silk Sin Azucar 1 Lt,,tualmacen,600,Vegetal
Leche De Almendras Tratenfu Original 1 Lt,,tualmacen,644,Vegetal
Leche De Castanas de Caju Tratenfu 1L,,tualmacen,605,Otro
Leche En Polvo Infantil Nidina 1 Infant Formula 800 Gr,,tualmacen,3268,Polvo
Leche En Polvo Infantil Nidina 2 Infant Formula 800 Gr,,tualmacen,3096,Polvo
Leche en Polvo La Lechera 400 Gr,,tualmacen,708,Polvo
Leche en Polvo La Lechera 800 Gr,,tualmacen,1206,Polvo
Leche en Polvo La Paulina 800 Gr,,tualmacen,1268,Polvo
Leche En Polvo La Serenisima Descremada 200 Gr,,tualmacen,425,Polvo
Leche En Polvo La Serenisima Entera 200 Gr,,tualmacen,425,Polvo
Leche En Polvo La Serenisima Zero Lactosa 400 Gr,,tualmacen,1075,Polvo
Leche En Polvo Nido 4 Lata 800 Gr,,tualmacen,1471,Polvo
Leche En Polvo Nido Fortigrow 800 Gr,,tualmacen,1478,Polvo
Leche En Polvo Svelty 400 Gr,,tualmacen,689,Polvo
Leche Gandara Entera Larga Vida 1 Lt,,tualmacen,206,Entera
Leche Ilolay Chocolatada 1 Lt,,tualmacen,289,Saborizadas
Leche Ilolay Larga Vida Entera 1 Lt,,tualmacen,217,Entera
Leche La Serenisima 0 % Tenor Graso Pet 1 Lt,,tualmacen,316,Otro
Leche La Serenisima 0 % Tenor Graso Sachet 1 Lt,,tualmacen,251,Sachet
Leche La Serenisima 0% Lactosa Larga Vida Pet 1 Lt,,tualmacen,332,Larga Vida
Leche La Serenisima Cardio Pet 1 Lt,,tualmacen,332,Otro
Leche La Serenisima Clasica Liviana 2 % Pet 1 Lt,,tualmacen,316,Otro
Leche La Serenisima De Almendra 1 Lt,,tualmacen,472,Otro
Leche La Serenisima Descremada Larga Vida Tetra 1% 1 Lt,,tualmacen,310,Descremada
Leche La Serenisima Descremada Pet 1% 1 Lt,,tualmacen,316,Descremada
Leche La Serenisima Descremada Sachet 1% 1 Lt,,tualmacen,244,Descremada
Leche La Serenisima Entera Larga Vida Tetra 3% 1 Lt,,tualmacen,310,Entera
Leche La Serenisima Entera Pet 3% 1 Lt ,,tualmacen,316,Entera
Leche La Serenisima Entera Sachet 3% 1 Lt,,tualmacen,257,Entera
Leche La Serenisima Extra Calcio Pet 1 Lt,,tualmacen,332,Otro
Leche La Serenisima Fortificada Con Hierro Pet 1 Lt,,tualmacen,332,Otro
Leche La Serenisima Prebioticos Pet 1 Lt,,tualmacen,346,Otro
Leche La Serenisima Protein Pet 1 Lt,,tualmacen,332,Otro
Leche La Serenisima Reducida en Lactosa Sachet 1 L,,tualmacen,229,Sachet
Leche Nesquik Chocolatada 200 Ml,,tualmacen,190,Saborizadas
Leche Veronica Chocolatada 1 L,,tualmacen,292,Saborizadas
Leche Veronica Larga Vida Descremada 1L,,tualmacen,165,Descremada
Leche Veronica Larga Vida Entera 1L,,tualmacen,165,Entera
LECHE CONDENSADA NESTLE TETRA 395GR,,alvear,449,Otro
LECHE CONDENSADA NESTLE LIGHT TETRA 395GR,,alvear,449,Otro
LECHE EN POLVO LA LECHERA 800GR,,alvear,1,Polvo
CHOCOLATADA LA SERENISIMA UAT 1L,,alvear,379,Saborizadas
CHOCOLATADA LA SERENISIMA UAT 200CC,,alvear,129,Saborizadas
